,classes,0,1,2,3
0.878792405128479,1.0,333.28985595703125,594.9679565429688,504.9405517578125,727.5751953125
0.8515676259994507,0.0,518.3728637695312,254.37149047851562,618.265380859375,314.17755126953125
